repo,repo_stars,repo_forks,repo_createdAt,repo_updatedAt,repo_total_commits,repo_url,repo_description,repo_languages,repo_watchers,repo_open_issues,repo_license,repo_topics,repo_has_discussions,repo_has_wiki,repo_default_branch,repo_archived,repo_total_contributors,repo_core_contributors,repo_external_contributors,repo_community_ratio
dask/dask,13927,1971,2015-01-04T18:50:00Z,2026-09-30T15:48:45Z,9843,https://github.com/dask/dask,Parallel computing with task scheduling,"Python,Jinja,url",203,1346,BSD-3-Clause,"dask,python,pydata,numpy,pandas,scikit-learn,scipy",True,True,main,False,417,4,413,0.99
zarr-developers/pydantic-zarr,49,5,2023-05-30T20:55:13Z,2026-08-08T21:35:00Z,488,https://github.com/zarr-developers/pydantic-zarr,Pydantic models for Zarr ,"Python,Just,url",4,33,BSD-3-Clause,,False,True,main,False,6,1,5,0.833
zarr-developers/VirtualiZarr,304,70,2024-03-08T19:24:24Z,2026-09-29T15:15:23Z,654,https://github.com/zarr-developers/VirtualiZarr,"Cloud-Optimize your Scientific Data as Virtual Zarr stores, using xarray syntax.","Python,url",12,185,Apache-2.0,,True,False,main,False,46,6,40,0.87
zarr-developers/zarr-python,2063,462,2015-12-15T14:49:40Z,2026-10-01T16:06:26Z,3138,https://github.com/zarr-developers/zarr-python,"An implementation of chunked, compressed, N-dimensional arrays for Python.","Python,Just,JavaScript,Dockerfile,url",37,481,MIT,"zarr,ndimensional-arrays,compressed,python",True,False,main,False,185,6,179,0.968
ecmwf/qubed,14,1,2024-10-08T10:48:05Z,2026-08-14T13:05:42Z,402,https://github.com/ecmwf/qubed,A data structure for efficiently representing and querying complex-tree datacubes.,"Rust,Python,Dockerfile,url",12,14,Apache-2.0,,False,False,main,False,6,1,5,0.833
wri/gnw-stac,0,0,2026-01-16T09:19:58Z,2026-01-16T10:40:37Z,6,https://github.com/wri/gnw-stac,STAC catalogue for Global Nature Watch,"Python,Shell,url",0,0,MIT,,False,True,main,False,2,1,1,0.5
wri/project-zeno-next,5,4,2025-05-13T12:48:35Z,2026-09-30T12:53:45Z,2153,https://github.com/wri/project-zeno-next,,"TypeScript,JavaScript,CSS,url",5,66,,,False,True,develop,False,20,11,9,0.45
wri/project-zeno-deploy,4,0,2024-11-04T14:57:53Z,2026-10-01T14:01:39Z,731,https://github.com/wri/project-zeno-deploy,Find Zeno's cloud deploy code here!,"HCL,url",6,19,MIT,,False,True,develop,False,11,6,5,0.455
wri/gnw-evals,2,1,2026-01-08T15:39:35Z,2026-07-31T08:16:23Z,191,https://github.com/wri/gnw-evals,Evaluation framework for Global Nature Watch,"Python,url",2,0,MIT,,False,True,main,False,5,1,4,0.8
wri/project-zeno,33,12,2024-10-23T16:30:45Z,2026-10-01T15:46:48Z,2010,https://github.com/wri/project-zeno,,"Python,Makefile,Dockerfile,Mako,Shell,url",10,18,MIT,,False,True,main,False,18,8,10,0.556
developmentseed/osm-seed,161,37,2018-05-04T10:49:36Z,2025-10-02T15:09:00Z,966,https://github.com/developmentseed/osm-seed,A collection of Dockerfiles to run a containerized version of OpenStreetMap,"Shell,PLpgSQL,Dockerfile,Python,C,HTML,JavaScript,Mustache,Makefile,Ruby",0,0,,,False,False,main,False,0,0,0,0.0
developmentseed/lazycogs,55,1,2026-04-13T18:54:00Z,2026-09-28T15:28:40Z,78,https://github.com/developmentseed/lazycogs,Lazily load COG assets from STAC items into xarray DataArrays using async-geotiff,"Python,url",4,14,MIT,,False,True,main,False,2,1,1,0.5
developmentseed/obspec-utils,12,3,2025-06-20T19:49:00Z,2026-08-03T13:58:16Z,73,https://github.com/developmentseed/obspec-utils,"Utilities for interacting with object storage, based on obspec","Python,url",3,14,Apache-2.0,,False,True,main,False,3,2,1,0.333
developmentseed/stac-map,109,16,2025-05-19T17:37:38Z,2026-09-29T11:51:07Z,518,https://github.com/developmentseed/stac-map,"A map-first STAC search and visualization tool, with stac-geoparquet support","TypeScript,HTML,JavaScript,url",4,36,MIT,"stac,stac-geoparquet",True,False,main,False,12,6,6,0.5
developmentseed/openeo-studio,10,0,2025-11-13T10:05:43Z,2026-09-30T06:36:01Z,314,https://github.com/developmentseed/openeo-studio,Applying openEO processes for visual data exploration,"TypeScript,Python,JavaScript,HTML,Shell,Go Template,Dockerfile,url",1,37,MIT,,False,True,main,False,8,8,0,0.0
developmentseed/cql2-rs,23,3,2024-07-15T14:18:59Z,2026-09-28T12:13:16Z,268,https://github.com/developmentseed/cql2-rs,Rust library and Python bindings for parsing the OGC CQL2 filter language,"Rust,Python,JavaScript,Shell,url",4,11,MIT,,False,False,main,False,9,6,3,0.333
developmentseed/deck.gl-raster,229,33,2025-12-04T20:23:44Z,2026-10-01T16:05:44Z,380,https://github.com/developmentseed/deck.gl-raster,"Client-side, WebGL2 GeoTIFF & Zarr visualization in deck.gl","TypeScript,Python,url",6,102,MIT,"cloud-optimized-geotiff,deck-gl,geospatial-visualization,geotiff,raster,zarr,webgl2,geozarr",False,True,main,False,13,6,7,0.538
developmentseed/rio-stac,94,19,2020-05-08T17:34:30Z,2026-08-28T08:44:35Z,184,https://github.com/developmentseed/rio-stac,Create STAC item from raster datasets,"Python,url",11,13,MIT,,False,False,main,False,12,4,8,0.667
developmentseed/eo-predictor,21,2,2025-07-24T12:29:14Z,2026-09-30T02:25:35Z,489,https://github.com/developmentseed/eo-predictor,Predicts and visualizes upcoming potential EO images,"TypeScript,Python,CSS,HTML,JavaScript,url",1,16,MIT,,True,False,main,False,6,3,3,0.5
developmentseed/moz-proenergia-backend,0,0,2025-12-01T20:18:51Z,2026-08-07T15:47:22Z,264,https://github.com/developmentseed/moz-proenergia-backend,Mozambique PROENERGIA+ backend,"Python,Shell,HTML,url",2,9,MIT,,False,True,main,False,3,3,0,0.0
developmentseed/tipg,224,39,2022-10-05T16:03:59Z,2026-09-29T15:48:41Z,810,https://github.com/developmentseed/tipg,Simple and Fast Geospatial OGC Features and Tiles API for PostGIS.,"PLpgSQL,Python,HTML,Dockerfile,url",7,25,MIT,,True,False,main,False,20,8,12,0.6
developmentseed/eoapi-cdk,29,6,2022-10-04T21:12:48Z,2026-09-30T14:28:56Z,310,https://github.com/developmentseed/eoapi-cdk,AWS CDK constructs for deploying eoAPI,"Python,TypeScript,Shell,Dockerfile,url",3,33,MIT,"cdk,eoapi,iac",True,True,main,False,14,10,4,0.286
developmentseed/osm-teams,29,4,2018-10-23T18:47:28Z,2025-01-25T19:24:31Z,1164,https://github.com/developmentseed/osm-teams,Teams for OpenStreetMap! ,"JavaScript,url",26,99,MIT,"openstreetmap,osm-teams,collaboration,analytics,oauth2",False,True,develop,False,7,4,3,0.429
developmentseed/morecantile,161,30,2020-01-23T21:12:58Z,2026-09-16T15:47:24Z,571,https://github.com/developmentseed/morecantile,Construct and use OGC TileMatrixSets (TMS),"Python,url",8,8,MIT,,True,False,main,False,15,5,10,0.667
developmentseed/openeo-udp,5,2,2025-11-17T14:32:59Z,2026-09-30T08:38:33Z,258,https://github.com/developmentseed/openeo-udp,A collection of User-Defined Processes for OpenEO,"Jupyter Notebook,Python,url",1,7,MIT,,False,False,main,False,6,4,2,0.333
developmentseed/pixelverse,32,0,2025-10-16T20:11:49Z,2026-08-21T06:24:01Z,73,https://github.com/developmentseed/pixelverse,Cloud Native Toolings to Access + Generate Geospatial Embeddings,"Jupyter Notebook,Python,url",2,20,MIT,,False,False,main,False,5,3,2,0.4
developmentseed/geotiff-test-data,6,6,2026-01-23T03:38:04Z,2026-09-25T17:24:58Z,53,https://github.com/developmentseed/geotiff-test-data,Test data for geotiff parsers,"Python,Shell,url",2,11,MIT,,False,True,main,False,10,6,4,0.4
developmentseed/eoapi-k8s,32,17,2023-06-07T13:38:32Z,2026-09-29T13:56:06Z,863,https://github.com/developmentseed/eoapi-k8s,eoAPI Kubernetes deployments with helm charts.,"Python,Shell,Go Template,PLpgSQL,url",6,5,MIT,"eoapi,earth-observation,gis,kubernetes",True,False,main,False,22,9,13,0.591
developmentseed/eoAPI,329,33,2021-08-11T21:36:09Z,2026-09-29T16:12:11Z,354,https://github.com/developmentseed/eoAPI,"[Active Development] Earth Observation API (Metadata, Raster and Vector services)","Shell,Makefile,JavaScript,url",9,26,MIT,eoapi,True,False,main,False,23,13,10,0.435
developmentseed/lonboard,963,54,2023-08-31T21:48:10Z,2026-09-30T19:02:51Z,684,https://github.com/developmentseed/lonboard,"Fast, interactive geospatial data visualization in Jupyter.","Python,TypeScript,JavaScript,CSS,url",12,92,MIT,"anywidget,apache-arrow,deck-gl,geoarrow,geopandas,jupyter,jupyter-widget,map-visualization,data-visualization,geospatial-analysis,maps,python,visualization,webgl,geoparquet,apache-parquet,parquet,geospatial,lonboard",True,True,main,False,28,8,20,0.714
developmentseed/titiler-cmr,25,9,2024-01-16T17:47:13Z,2026-09-30T22:33:45Z,403,https://github.com/developmentseed/titiler-cmr,Dynamic tiles from CMR queries,"Python,HTML,Dockerfile,Shell,url",7,28,MIT,,True,True,main,False,12,8,4,0.333
developmentseed/async-tiff,121,15,2024-08-15T19:01:05Z,2026-10-01T15:03:07Z,223,https://github.com/developmentseed/async-tiff,Async TIFF reader for Rust and Python,"Rust,Python,HTML,CSS,url",5,34,MIT,,True,False,main,False,11,4,7,0.636
developmentseed/rio-viz,168,19,2019-04-23T20:15:55Z,2026-08-19T07:20:07Z,133,https://github.com/developmentseed/rio-viz,Visualize Cloud Optimized GeoTIFF in browser,"HTML,Python,url",8,7,MIT,,False,False,main,False,4,2,2,0.5
developmentseed/stac-auth-proxy,46,10,2024-11-28T16:55:02Z,2026-09-30T16:39:51Z,328,https://github.com/developmentseed/stac-auth-proxy,Reverse proxy to mediate communication between a client and an internally accessible STAC API in order to provide a flexible authentication mechanism.,"Python,Go Template,Makefile,Dockerfile,url",5,26,MIT,,True,False,main,False,12,6,6,0.5
developmentseed/titiler,1188,255,2019-06-28T16:54:56Z,2026-09-30T20:18:15Z,1056,https://github.com/developmentseed/titiler,Build your own Raster dynamic map tile services,"Python,HTML,Jupyter Notebook,Dockerfile,Mustache,Shell,url",19,29,MIT,"fastapi,cog,stac,cogeotiff,raster,dynamic,gdal,rasterio,tile,map-tile-server,map-tiles",True,False,main,False,87,14,73,0.839
developmentseed/geojson-pydantic,287,41,2020-05-21T22:29:07Z,2026-09-23T10:10:36Z,363,https://github.com/developmentseed/geojson-pydantic,Pydantic data models for the GeoJSON spec,"Python,url",12,6,MIT,"geojson,pydantic,geojson-spec",True,False,main,False,24,3,21,0.875
developmentseed/obstore,821,42,2024-10-17T19:46:34Z,2026-10-01T14:17:09Z,454,https://github.com/developmentseed/obstore,"The simplest, highest-throughput Python interface to S3, GCS & Azure Storage, powered by Rust.","Python,Rust,url",8,56,MIT,"azure,google-cloud-storage,object-store,python,rust,s3,cloudflare-r2,amazon-s3,azure-storage",True,True,main,False,30,9,21,0.7
opengeospatial/geoparquet,1096,75,2021-07-30T18:06:15Z,2026-09-27T14:15:59Z,145,https://github.com/opengeospatial/geoparquet,"Specification for storing geospatial vector data (point, line, polygon) in Parquet","Python,url",55,51,Apache-2.0,"gis,cloud-native,geospatial,apache-parquet,geoparquet",True,True,main,False,26,1,25,0.962
source-cooperative/source.coop,26,10,2024-07-15T14:11:59Z,2026-10-01T06:41:08Z,859,https://github.com/source-cooperative/source.coop,Source Cooperative Web Interface & API,"TypeScript,CSS,JavaScript,Shell,url",2,114,Apache-2.0,,False,True,main,False,15,1,14,0.933
MAAP-Project/maap-documentation,14,15,2020-01-22T16:39:38Z,2026-09-30T18:59:50Z,1640,https://github.com/MAAP-Project/maap-documentation,,url,7,45,Apache-2.0,documentation,False,True,develop,False,24,6,18,0.75
MAAP-Project/maap-eoapi,5,2,2023-04-03T07:06:03Z,2026-09-29T16:19:24Z,204,https://github.com/MAAP-Project/maap-eoapi,MAAP STAC infrastructure,"Python,JavaScript,Dockerfile,url",3,11,Apache-2.0,"eoapi,github-actions",False,True,main,False,7,2,5,0.714
OSMCha/osmcha-django,40,24,2015-08-04T01:33:13Z,2026-09-30T00:05:26Z,1277,https://github.com/OSMCha/osmcha-django,A database manager and API for OSMCha,"Python,HTML,Shell,Dockerfile,url",8,22,NOASSERTION,"openstreetmap,qa,gis,django,osm",False,True,main,False,14,3,11,0.786
OSMCha/osmcha-frontend,146,48,2017-04-04T05:10:25Z,2026-09-24T07:18:21Z,1216,https://github.com/OSMCha/osmcha-frontend, Frontend for the osmcha-django REST API,"TypeScript,CSS,JavaScript,HTML,Dockerfile,Shell,url",94,297,ISC,"dataquality,openstreetmap,osm,osmcha,qa",False,True,main,False,28,3,25,0.893
holoviz/hvplot,1359,124,2018-03-19T14:22:41Z,2026-09-30T07:36:53Z,858,https://github.com/holoviz/hvplot,"A high-level plotting API for pandas, dask, xarray, and networkx built on HoloViews","Python,Shell,url",24,404,BSD-3-Clause,"holoviz,holoviews,plotting,datashader",True,False,main,False,53,1,52,0.981
osm-seed/osm-seed,178,41,2018-05-04T10:49:36Z,2026-09-30T20:49:52Z,1009,https://github.com/osm-seed/osm-seed,A collection of Dockerfiles to run a containerized version of OpenStreetMap,"Shell,PLpgSQL,Dockerfile,Python,HTML,Mustache,Go Template,JavaScript,PHP,url",30,25,MIT,"docker,nominatim,openstreetmap,overpass,tasking-manager",False,True,main,False,9,3,6,0.667
Disasters-Learning-Portal/veda-disasters,0,1,2025-05-19T16:18:37Z,2026-03-27T19:52:23Z,495,https://github.com/Disasters-Learning-Portal/veda-disasters,Disasters Mapping Portal,"MDX,TypeScript,JavaScript,SCSS,Shell,CSS,url",1,0,MIT,,True,True,main,False,13,6,7,0.538
geoarrow/deck.gl-layers,152,11,2023-08-07T19:34:30Z,2026-04-02T18:38:51Z,109,https://github.com/geoarrow/deck.gl-layers,deck.gl layers for rendering GeoArrow data,"TypeScript,JavaScript,Python",10,31,MIT,"apache-arrow,deck-gl,geoarrow,data-visualization,geospatial,map-visualization",False,True,main,False,7,2,5,0.714
geoarrow/geoarrow,537,28,2020-04-06T21:00:33Z,2026-09-26T13:36:39Z,43,https://github.com/geoarrow/geoarrow,Specification for storing geospatial data in Apache Arrow,url,49,15,BSD-3-Clause,"apache-arrow,geoarrow,geospatial",True,True,main,False,11,1,10,0.909
geoarrow/deck.gl-geoarrow,168,16,2023-08-07T19:34:30Z,2026-09-25T20:28:22Z,138,https://github.com/geoarrow/deck.gl-geoarrow,deck.gl layers for rendering GeoArrow data,"TypeScript,Python,url",9,43,MIT,"apache-arrow,deck-gl,geoarrow,data-visualization,geospatial,map-visualization",False,True,main,False,10,2,8,0.8
geoarrow/geoarrow-rs,425,51,2023-06-30T22:18:22Z,2026-09-11T11:40:16Z,946,https://github.com/geoarrow/geoarrow-rs,"GeoArrow in Rust, Python, and JavaScript (WebAssembly) with vectorized geometry operations","Rust,Python,Jupyter Notebook,Shell,TypeScript,CSS,url",9,85,Apache-2.0,"geospatial,rust,wasm-bindgen,webassembly,apache-arrow,javascript,typescript,geoarrow,pyo3,python,geoparquet",True,False,main,False,26,4,22,0.846
virtual-zarr/obspec-utils,9,2,2025-06-20T19:49:00Z,2026-01-29T12:15:48Z,53,https://github.com/virtual-zarr/obspec-utils,"Utilities for interacting with object storage, based on obspec",Python,0,0,,,False,False,main,False,0,0,0,0.0
Mozambique-IEP/moz-proenergia-backend,0,0,2025-12-01T20:18:51Z,2026-09-28T10:00:03Z,266,https://github.com/Mozambique-IEP/moz-proenergia-backend,Mozambique PROENERGIA+ backend,"Python,Shell,HTML,url",2,7,MIT,,False,True,main,False,3,3,0,0.0
GenericMappingTools/pygmt,875,255,2017-03-17T20:31:51Z,2026-09-30T04:19:12Z,3574,https://github.com/GenericMappingTools/pygmt,A Python interface for the Generic Mapping Tools.,"Python,Makefile,url",26,190,BSD-3-Clause,"python,geoscience,earth-science,geophysics,maps,seismology,hacktoberfest",False,False,main,False,57,3,54,0.947
Clay-foundation/model,618,105,2023-09-29T12:08:10Z,2026-09-30T00:58:02Z,135,https://github.com/Clay-foundation/model,The Clay Foundation Model - An open source AI model and interface for Earth,"Python,Jupyter Notebook,Shell,url",22,40,Apache-2.0,"earth-observation,foundation-model,sentinel-2,sentinel-1,digital-elevation-model,embeddings",True,False,main,False,22,6,16,0.727
pydata/xarray,4207,1371,2013-09-30T17:21:10Z,2026-10-01T16:07:24Z,6554,https://github.com/pydata/xarray,N-D labeled arrays and datasets in Python,"Python,CSS,HTML,Dockerfile,url",96,1439,Apache-2.0,"python,netcdf,numpy,pandas,xarray,dask",True,False,main,False,418,10,408,0.976
sentinel-hub/titiler-openeo,34,6,2024-10-30T12:33:56Z,2026-09-11T11:41:25Z,509,https://github.com/sentinel-hub/titiler-openeo,openEO by TiTiler,"Python,Mustache,Dockerfile,url",6,34,MIT,"openeo,rasterio,stac,titiler",True,False,main,False,10,5,5,0.5
eopf-toolkit/eopf-101,39,16,2025-04-16T07:46:31Z,2026-06-09T08:51:02Z,179,https://github.com/eopf-toolkit/eopf-101,EOPF 101 introduces you to tools and practical examples working with Sentinel Zarr data created by the ESA EOPF Sample Service.,"Jupyter Notebook,Python,Shell,Makefile,HTML,url",3,21,Apache-2.0,"copernicus,eopf,esa,sentinels",False,False,main,False,20,4,16,0.8
radiantearth/stac-best-practices,31,3,2025-08-05T08:19:00Z,2026-09-09T17:36:06Z,279,https://github.com/radiantearth/stac-best-practices,Best Practices for STAC,url,4,25,Apache-2.0,,False,False,main,False,20,3,17,0.85
radiantearth/stac-spec,933,190,2017-05-10T15:25:31Z,2026-09-29T14:37:58Z,3223,https://github.com/radiantearth/stac-spec,SpatioTemporal Asset Catalog specification - making geospatial assets openly searchable and crawlable,"JavaScript,url",72,51,Apache-2.0,"satellites,satellite-imagery,earth-observation,earth-observation-catalogue",True,False,master,False,57,4,53,0.93
radiantearth/stac-api-spec,294,56,2020-03-02T16:21:32Z,2026-09-29T14:37:59Z,2790,https://github.com/radiantearth/stac-api-spec,SpatioTemporal Asset Catalog API specification - an API to make geospatial assets openly searchable and crawlable,"JavaScript,HTML,Shell,url",19,28,Apache-2.0,"ogc-api,stac-api,spatiotemporal-asset-catalog",True,True,release/v1.0.0,False,45,3,42,0.933
hotosm/openaerialmap,305,43,2014-06-26T13:58:44Z,2026-09-26T10:36:39Z,520,https://github.com/hotosm/openaerialmap,OpenAerialMap is an open service to provide access to a commons of openly licensed imagery and map layer services.,"Python,Jupyter Notebook,TypeScript,Go,CSS,Dockerfile,JavaScript,HTML,Go Template,Shell,Just,PLpgSQL,url",42,49,AGPL-3.0,,True,True,main,False,25,5,20,0.8
hotosm/tasking-manager,607,325,2017-02-02T14:31:35Z,2026-09-29T09:12:21Z,6660,https://github.com/hotosm/tasking-manager,Tasking Manager - The tool to team up for mapping in OpenStreetMap,"Python,JavaScript,HCL,Jupyter Notebook,HTML,SCSS,Shell,Dockerfile,PLpgSQL,Makefile,CSS,Mako,PowerShell,url",32,472,BSD-2-Clause,"openstreetmap,python,javascript,reactjs,postgresql,postgis,fastapi",True,False,develop,False,119,3,116,0.975
stac-utils/rustac,146,24,2021-03-29T17:08:13Z,2026-09-29T13:11:25Z,1236,https://github.com/stac-utils/rustac,The power of Rust for the STAC ecosystem,"Rust,Python,Shell,JavaScript,TypeScript,HTML,url",3,29,Apache-2.0,"geospatial,raster,stac,command-line,earth-observation,metadata,rust,python,server",True,False,main,False,15,4,11,0.733
stac-utils/stac-fastapi-pgstac,114,59,2022-07-28T01:48:07Z,2026-10-01T08:51:14Z,448,https://github.com/stac-utils/stac-fastapi-pgstac,PostgreSQL backend for stac-fastapi using pgstac (https://github.com/stac-utils/pgstac),"Python,Shell,Makefile,Dockerfile,url",10,34,MIT,,True,False,main,False,47,10,37,0.787
stac-utils/pystac-client,209,67,2021-03-03T03:33:04Z,2026-10-01T12:12:21Z,1101,https://github.com/stac-utils/pystac-client,Python client for searching STAC APIs,"Python,Shell,url",7,25,NOASSERTION,"stac,geospatial,python",False,False,main,False,43,7,36,0.837
stac-utils/stac-fastapi,323,125,2020-06-17T03:31:20Z,2026-09-30T10:58:27Z,581,https://github.com/stac-utils/stac-fastapi,STAC API implementation with FastAPI. ,"Python,Shell,Dockerfile,Makefile,url",12,40,MIT,,True,False,main,False,57,10,47,0.825
stac-utils/pgstac,225,58,2021-03-09T16:34:19Z,2026-09-20T08:41:17Z,265,https://github.com/stac-utils/pgstac,"Schema, functions and a python library for storing and accessing STAC collections and items in PostgreSQL","PLpgSQL,Rust,Shell,Python,Dockerfile,url",12,80,MIT,"postgis,stac,sql",True,True,main,False,24,10,14,0.583
stac-utils/xpystac,46,8,2023-01-27T21:51:00Z,2026-09-29T20:09:43Z,48,https://github.com/stac-utils/xpystac,For extending xarray.open_dataset to accept pystac objects,"Python,url",4,9,MIT,,False,True,main,False,5,2,3,0.6
stac-utils/pystac,465,134,2017-11-08T13:30:15Z,2026-10-01T15:36:09Z,2272,https://github.com/stac-utils/pystac,Python library for working with any SpatioTemporal Asset Catalog (STAC),"Python,Jinja,Shell,url",18,83,NOASSERTION,,False,False,main,False,71,9,62,0.873
NASA-IMPACT/veda-odd,5,0,2024-10-15T20:26:16Z,2026-09-28T15:55:26Z,68,https://github.com/NASA-IMPACT/veda-odd,,url,15,87,NOASSERTION,,False,True,main,False,4,2,2,0.5
NASA-IMPACT/veda-ui,45,17,2021-12-06T22:35:36Z,2026-09-11T21:12:26Z,4576,https://github.com/NASA-IMPACT/veda-ui,Frontend for the Dashboard Evolution project,"TypeScript,JavaScript,MDX,SCSS,Shell,HTML,CSS,url",20,130,NOASSERTION,,False,True,main,False,28,12,16,0.571
NASA-IMPACT/veda-backend,22,8,2021-12-06T22:40:27Z,2026-09-30T20:11:18Z,1351,https://github.com/NASA-IMPACT/veda-backend,Backend services for VEDA,"Python,HTML,Shell,Dockerfile,Makefile,url",19,80,NOASSERTION,,False,True,develop,False,24,14,10,0.417
NASA-IMPACT/csda-client,9,2,2020-05-11T18:27:35Z,2026-09-02T22:24:10Z,161,https://github.com/NASA-IMPACT/csda-client,A Python API client for CSDA,"Python,url",12,8,MIT,,False,False,main,False,16,6,10,0.625
NASA-IMPACT/veda-data-airflow,15,6,2023-02-01T18:26:15Z,2026-09-24T19:01:56Z,1331,https://github.com/NASA-IMPACT/veda-data-airflow,Airflow implementation of ingest pipeline for VEDA STAC data,"Python,HCL,Dockerfile,Shell,Go Template,Makefile,url",17,97,NOASSERTION,,False,True,dev,False,20,8,12,0.6
NASA-IMPACT/veda-config,35,48,2021-12-06T22:38:21Z,2026-09-18T05:10:26Z,3047,https://github.com/NASA-IMPACT/veda-config,Configuration template for the Dashboard Evolution Project,"MDX,TypeScript,JavaScript,SCSS,HTML,Shell,url",18,46,NOASSERTION,,False,True,develop,False,47,19,28,0.596
NASA-IMPACT/veda-keycloak,7,4,2024-10-16T16:51:26Z,2026-09-29T14:21:10Z,248,https://github.com/NASA-IMPACT/veda-keycloak,,"Java,FreeMarker,Python,CSS,HTML,Dockerfile,Shell,JavaScript,url",15,65,,"auth,keycloak",False,False,main,False,19,11,8,0.421
NASA-IMPACT/veda-deploy,0,1,2023-06-15T17:44:43Z,2026-08-20T05:08:27Z,594,https://github.com/NASA-IMPACT/veda-deploy,"This is a virtual repo that's created to deploy all the VEDA services (veda-backend, veda-auth, veda-stac-ingestor, veda-data-airflow) at once. It makes use of sub modules, composite actions within the other repos and github workflows for the deployment. It also takes care of the dependency between the deployments and runs them in proper order.","Python,url",14,21,,,False,True,dev,False,15,9,6,0.4
EOEPCA/demo,1,5,2021-03-31T08:31:35Z,2026-07-28T09:26:15Z,423,https://github.com/EOEPCA/demo,Demonstration of Common Architecture building blocks,"Jupyter Notebook,Python,Common Workflow Language,Shell,Dockerfile,url",26,0,Apache-2.0,,False,True,main,False,20,2,18,0.9
EOEPCA/data-access,1,2,2024-06-13T13:37:29Z,2026-05-23T10:13:56Z,39,https://github.com/EOEPCA/data-access,EOEPCA+ Data Access BB,url,5,24,Apache-2.0,,True,False,main,False,5,2,3,0.6
EOEPCA/eoepca-plus,7,9,2024-05-17T09:07:28Z,2026-09-29T16:13:38Z,2456,https://github.com/EOEPCA/eoepca-plus,EOEPCA+ deployments for development team,"Python,Shell,Open Policy Agent,url",25,1,Apache-2.0,,False,True,deploy-develop,False,39,5,34,0.872
EOEPCA/resource-discovery,0,1,2024-06-18T08:49:02Z,2026-06-23T10:54:41Z,61,https://github.com/EOEPCA/resource-discovery,Resource Discovery,"Dockerfile,url",4,47,Apache-2.0,,True,True,main,False,5,2,3,0.6
EOPF-Explorer/data-pipeline,1,1,2025-10-08T01:58:28Z,2026-10-01T14:01:29Z,280,https://github.com/EOPF-Explorer/data-pipeline,,"Python,Jupyter Notebook,Makefile,Dockerfile,url",1,35,Apache-2.0,,False,True,main,False,7,3,4,0.571
EOPF-Explorer/landing-page,0,0,2025-07-10T15:44:50Z,2026-09-11T13:50:50Z,129,https://github.com/EOPF-Explorer/landing-page,,"JavaScript,Vue,CSS,url",2,23,,,True,True,main,False,9,3,6,0.667
EOPF-Explorer/data-model,24,4,2025-07-23T20:25:29Z,2026-10-01T10:08:46Z,309,https://github.com/EOPF-Explorer/data-model,EOPF Sentinel Zarr Explorer Data Model,"Python,url",4,43,NOASSERTION,"esa,geospatial,geozarr,sentinel,zarr",True,True,main,False,7,4,3,0.429
EOPF-Explorer/narratives,1,2,2025-09-23T08:20:26Z,2026-09-30T13:20:40Z,67,https://github.com/EOPF-Explorer/narratives,,url,0,4,CC0-1.0,,False,True,main,False,7,3,4,0.571
EOPF-Explorer/titiler-eopf,18,4,2025-07-29T14:57:54Z,2026-09-30T09:10:33Z,339,https://github.com/EOPF-Explorer/titiler-eopf,TiTiler application for EOPF dataset,"Jupyter Notebook,Python,HTML,Shell,Dockerfile,Go Template,url",0,21,Apache-2.0,,True,False,main,False,7,4,3,0.429
